{
  "metadata": {
    "name": "thienthaitruyen2",
    "author": "tienntq",
    "version": 3,
    "source": "https://thienthaitruyen2.com/",
    "regexp": "(www.)?thienthaitruyen2*.*?/truyen/[0-9a-z-]+/?$",
    "description": "Đọc truyện trên trang thienthaitruyen2",
    "locale": "vi_VN",
    "language": "javascript",
    "tag": "nsfw",
    "type": "comic"
  },
  "script": {
    "home": "home.js",
    "genre": "genre.js",
    "detail": "detail.js",
    "search": "search.js",
    "toc": "toc.js",
    "chap": "chap.js"
  }
}