{
  "metadata": {
    "name": "HentaiVN VIP",
    "author": "tienntq",
    "version": 7,
    "source": "https://hentaivn.gold/",
    "regexp": "https://(www.)?hentaivn(vip|hot|moi)?.(com|net|party|gold)/truyen-hentai/[0-9a-z-]+/?$",
    "description": "Nếu có lỗi bạn có thể liên hệ tới Email: phamgiavang@gmail.com hoặc Discord",
    "locale": "vi-VN",
    "language": "javascript",
    "type": "comic",
    "tag": "nsfw"
  },
  "script": {
    "home": "home.js",
    "genre": "genre.js",
    "detail": "detail.js",
    "search": "search.js",
    "toc": "toc.js",
    "chap": "chap.js"
  }
}