{
  "metadata": {
    "name": "Đọc Truyện 3Q",
    "author": "Nhocconsr",
    "version": 4,
    "source": "https://doctruyen3qui19.com",
    "regexp": "(www.)?doctruyen3qui19.*?/truyen-tranh/[0-9a-z-]+/\\d+/?$",
    "description": "Add new site ^^!",
    "locale": "vi-VN",
    "language": "javascript",
    "type": "comic",
    "tag": "nsfw",
    "encrypt": true
  },
  "script": {
    "home": "home.js",
    "genre": "genre.js",
    "detail": "detail.js",
    "search": "search.js",
    "toc": "toc.js",
    "chap": "chap.js"
  }
}